{
  "manifest": {
    "publishingInformation": {
      "locales": {
        "en-US": {
          "summary": "Retrieves the email address associated with your Amazon account.",
          "examplePhrases": [
            "Alexa, launch email address checker",
            "Alexa, ask email address checker what's my email",
            "Alexa, ask email address checker for my email"
          ],
          "keywords": [
            "email",
            "address",
            "utility",
            "diagnostic"
          ],
          "name": "Email Address Checker",
          "smallIconUri": "https://s3.amazonaws.com/CAPS-SSE/echo_developer/a163/ed7825c72d96472f93823f097fe87fc3/APP_ICON?versionId=w4239Aw.MkI2q2VrXHnFwKcIJV5TYyC_&AWSAccessKeyId=AKIAJFEYRBGIHK2BBYKA&Expires=1540150743&Signature=LV9bjxQJ4qO3cmTDW%2BxbbWPWNVc%3D",
          "description": "This skill can be used to verify the email associated with the Alexa account. Permission must be granted to retrieve the email address. The email address is not retained or otherwise used by the Email Address Checker.\n\nThe need for this skill arose while doing beta testing on other Alexa Skills. Some beta testers had configured their Echo devices using one Amazon account while logging into Amazon.com with another account. With this email address checker, the beta tester can verbally request validation of the email account associated with the Echo device in use.",
          "largeIconUri": "https://s3.amazonaws.com/CAPS-SSE/echo_developer/8a8c/781a836a4303460eb3054c4075e4a0df/APP_ICON_LARGE?versionId=ne.CYs8K0SWgI1CUxIKKoeUSrOeHtcTA&AWSAccessKeyId=AKIAJFEYRBGIHK2BBYKA&Expires=1540150743&Signature=g9RnFJqpnRFZmFpjivjyXLJyDCM%3D"
        }
      },
      "isAvailableWorldwide": true,
      "testingInstructions": "This skill requests the user's permission to access the customer's email address. It does not retain the address and so I answered no to the question \"Does this Alexa skill collect users' person information?\"",
      "category": "ORGANIZERS_AND_ASSISTANTS",
      "distributionCountries": []
    },
    "apis": {
      "custom": {
        "endpoint": {
          "sslCertificateType": "Wildcard",
          "uri": "https://whetstone.ngrok.io/api/alexa"
        },
        "interfaces": [
          {
            "type": "RENDER_TEMPLATE",
            "minimumTemplateVersion": "1.0"
          },
          {
            "type": "CAN_FULFILL_INTENT_REQUEST"
          }
        ]
      }
    },
    "manifestVersion": "1.0",
    "permissions": [
      {
        "name": "alexa::profile:email:read"
      }
    ],
    "privacyAndCompliance": {
      "allowsPurchases": false,
      "locales": {
        "en-US": {
          "privacyPolicyUrl": "https://www.whetstonetechnologies.io/email-address-checker-privacy"
        }
      },
      "isExportCompliant": true,
      "containsAds": false,
      "isChildDirected": false,
      "usesPersonalInfo": false
    },
    "events": {
      "endpoint": {
        "sslCertificateType": "Wildcard",
        "uri": "https://whetstone.ngrok.io/api/alexa"
      },
      "subscriptions": [
        {
          "eventName": "SKILL_ENABLED"
        },
        {
          "eventName": "SKILL_DISABLED"
        },
        {
          "eventName": "SKILL_PERMISSION_ACCEPTED"
        },
        {
          "eventName": "SKILL_PERMISSION_CHANGED"
        },
        {
          "eventName": "SKILL_ACCOUNT_LINKED"
        }
      ]
    }
  }
}
